,category id,gene,locus tag,category1,category2,category3,category4,category5
3896,SW 4.2.1.1.1,BSU_31730,yuzC,Lifestyles,Sporulation,Sporulation proteins,Spore coat proteins,Class I
3897,SW 4.2.1.1.1,BSU_28110,spoVID,Lifestyles,Sporulation,Sporulation proteins,Spore coat proteins,Class I
3898,SW 4.2.1.1.1,BSU_00160,yaaH,Lifestyles,Sporulation,Sporulation proteins,Spore coat proteins,Class I
3899,SW 4.2.1.1.1,BSU_09830,yhaX,Lifestyles,Sporulation,Sporulation proteins,Spore coat proteins,Class I
3900,SW 4.2.1.1.1,BSU_15810,spoVM,Lifestyles,Sporulation,Sporulation proteins,Spore coat proteins,Class I
3901,SW 4.2.1.1.1,BSU_22800,spoIVA,Lifestyles,Sporulation,Sporulation proteins,Spore coat proteins,Class I
3902,SW 4.2.1.1.2,BSU_14250,yknT,Lifestyles,Sporulation,Sporulation proteins,Spore coat proteins,Class II
3903,SW 4.2.1.1.2,BSU_11730,cotO,Lifestyles,Sporulation,Sporulation proteins,Spore coat proteins,Class II
3904,SW 4.2.1.1.2,BSU_17030,cotE,Lifestyles,Sporulation,Sporulation proteins,Spore coat proteins,Class II
3905,SW 4.2.1.1.2,BSU_09770,yheD,Lifestyles,Sporulation,Sporulation proteins,Spore coat proteins,Class II
3906,SW 4.2.1.1.2,BSU_10610,yhjR,Lifestyles,Sporulation,Sporulation proteins,Spore coat proteins,Class II
3907,SW 4.2.1.1.2,BSU_17970,cotM,Lifestyles,Sporulation,Sporulation proteins,Spore coat proteins,Class II
3908,SW 4.2.1.1.2,BSU_17640,yncD,Lifestyles,Sporulation,Sporulation proteins,Spore coat proteins,Class II
3909,SW 4.2.1.1.3,BSU_02600,cwlJ,Lifestyles,Sporulation,Sporulation proteins,Spore coat proteins,Class III
3910,SW 4.2.1.1.3,BSU_10900,yisY,Lifestyles,Sporulation,Sporulation proteins,Spore coat proteins,Class III
3911,SW 4.2.1.1.3,BSU_32270,yutH,Lifestyles,Sporulation,Sporulation proteins,Spore coat proteins,Class III
3912,SW 4.2.1.1.3,BSU_28100,ysxE,Lifestyles,Sporulation,Sporulation proteins,Spore coat proteins,Class III
3913,SW 4.2.1.1.3,BSU_11740,cotZ,Lifestyles,Sporulation,Sporulation proteins,Spore coat proteins,Class III
3914,SW 4.2.1.1.4,BSU_12090,cotT,Lifestyles,Sporulation,Sporulation proteins,Spore coat proteins,Class IV
3915,SW 4.2.1.1.4,BSU_40630,yybI,Lifestyles,Sporulation,Sporulation proteins,Spore coat proteins,Class IV
3916,SW 4.2.1.1.4,BSU_28320,ysnD,Lifestyles,Sporulation,Sporulation proteins,Spore coat proteins,Class IV
3917,SW 4.2.1.1.5,BSU_04110,lipC,Lifestyles,Sporulation,Sporulation proteins,Spore coat proteins,Class V
3918,SW 4.2.1.1.5,BSU_34520,cotQ,Lifestyles,Sporulation,Sporulation proteins,Spore coat proteins,Class V
3919,SW 4.2.1.1.5,BSU_11770,cotW,Lifestyles,Sporulation,Sporulation proteins,Spore coat proteins,Class V
3920,SW 4.2.1.1.5,BSU_36050,cotB,Lifestyles,Sporulation,Sporulation proteins,Spore coat proteins,Class V
3921,SW 4.2.1.1.5,BSU_39580,yxeE,Lifestyles,Sporulation,Sporulation proteins,Spore coat proteins,Class V
3922,SW 4.2.1.1.5,BSU_12490,yjqC,Lifestyles,Sporulation,Sporulation proteins,Spore coat proteins,Class V
3923,SW 4.2.1.1.5,BSU_06300,cotA,Lifestyles,Sporulation,Sporulation proteins,Spore coat proteins,Class V
3924,SW 4.2.1.1.5,BSU_22250,yppG,Lifestyles,Sporulation,Sporulation proteins,Spore coat proteins,Class V
3925,SW 4.2.1.1.5,BSU_18670,oxdD,Lifestyles,Sporulation,Sporulation proteins,Spore coat proteins,Class V
3926,SW 4.2.1.1.5,BSU_06850,yeeK,Lifestyles,Sporulation,Sporulation proteins,Spore coat proteins,Class V
3927,SW 4.2.1.1.5,BSU_30890,ytxO,Lifestyles,Sporulation,Sporulation proteins,Spore coat proteins,Class V
3928,SW 4.2.1.1.5,BSU_17310,ymaG,Lifestyles,Sporulation,Sporulation proteins,Spore coat proteins,Class V
3929,SW 4.2.1.1.5,BSU_36070,cotG,Lifestyles,Sporulation,Sporulation proteins,Spore coat proteins,Class V
3930,SW 4.2.1.1.5,BSU_14970,ylbD,Lifestyles,Sporulation,Sporulation proteins,Spore coat proteins,Class V
3931,SW 4.2.1.1.5,BSU_31270,tgl,Lifestyles,Sporulation,Sporulation proteins,Spore coat proteins,Class V
3932,SW 4.2.1.1.5,BSU_05550,cotP,Lifestyles,Sporulation,Sporulation proteins,Spore coat proteins,Class V
3933,SW 4.2.1.1.5,BSU_30900,cotS,Lifestyles,Sporulation,Sporulation proteins,Spore coat proteins,Class V
3934,SW 4.2.1.1.5,BSU_11320,yjzB,Lifestyles,Sporulation,Sporulation proteins,Spore coat proteins,Class V
3935,SW 4.2.1.1.7,BSU_22200,cotD,Lifestyles,Sporulation,Sporulation proteins,Spore coat proteins,Class VI
3936,SW 4.2.1.1.7,BSU_17670,cotU,Lifestyles,Sporulation,Sporulation proteins,Spore coat proteins,Class VI
3937,SW 4.2.1.1.8,BSU_25120,yqfT,Lifestyles,Sporulation,Sporulation proteins,Spore coat proteins,Not yet assigned
3938,SW 4.2.1.1.8,BSU_17700,cotC,Lifestyles,Sporulation,Sporulation proteins,Spore coat proteins,Not yet assigned
3939,SW 4.2.1.1.8,BSU_14040,ldt,Lifestyles,Sporulation,Sporulation proteins,Spore coat proteins,Not yet assigned
3940,SW 4.2.1.1.8,BSU_19750,cgeE,Lifestyles,Sporulation,Sporulation proteins,Spore coat proteins,Not yet assigned
3941,SW 4.2.1.1.8,BSU_30910,cotSA,Lifestyles,Sporulation,Sporulation proteins,Spore coat proteins,Not yet assigned
3942,SW 4.2.1.1.8,BSU_37920,gerQ,Lifestyles,Sporulation,Sporulation proteins,Spore coat proteins,Not yet assigned
3943,SW 4.2.1.1.8,BSU_08800,ygaK,Lifestyles,Sporulation,Sporulation proteins,Spore coat proteins,Not yet assigned
3944,SW 4.2.1.1.8,BSU_36060,cotH,Lifestyles,Sporulation,Sporulation proteins,Spore coat proteins,Not yet assigned
3945,SW 4.2.1.1.8,BSU_08920,yhbB,Lifestyles,Sporulation,Sporulation proteins,Spore coat proteins,Not yet assigned
3946,SW 4.2.1.1.8,BSU_21970,ypeP,Lifestyles,Sporulation,Sporulation proteins,Spore coat proteins,Not yet assigned
3947,SW 4.2.1.1.8,BSU_06900,cotJB,Lifestyles,Sporulation,Sporulation proteins,Spore coat proteins,Not yet assigned
3948,SW 4.2.1.1.8,BSU_09780,yheC,Lifestyles,Sporulation,Sporulation proteins,Spore coat proteins,Not yet assigned
3949,SW 4.2.1.1.8,BSU_11760,cotX,Lifestyles,Sporulation,Sporulation proteins,Spore coat proteins,Not yet assigned
3950,SW 4.2.1.1.8,BSU_00430,yabG,Lifestyles,Sporulation,Sporulation proteins,Spore coat proteins,Not yet assigned
3951,SW 4.2.1.1.8,BSU_19790,cgeB,Lifestyles,Sporulation,Sporulation proteins,Spore coat proteins,Not yet assigned
3952,SW 4.2.1.1.8,BSU_05710,ydhD,Lifestyles,Sporulation,Sporulation proteins,Spore coat proteins,Not yet assigned
3953,SW 4.2.1.1.8,BSU_06890,cotJA,Lifestyles,Sporulation,Sporulation proteins,Spore coat proteins,Not yet assigned
3954,SW 4.2.1.1.8,BSU_30920,cotI,Lifestyles,Sporulation,Sporulation proteins,Spore coat proteins,Not yet assigned
3955,SW 4.2.1.1.8,BSU_34530,cotR,Lifestyles,Sporulation,Sporulation proteins,Spore coat proteins,Not yet assigned
3956,SW 4.2.1.1.8,BSU_11780,cotV,Lifestyles,Sporulation,Sporulation proteins,Spore coat proteins,Not yet assigned
3957,SW 4.2.1.1.8,BSU_06910,cotJC,Lifestyles,Sporulation,Sporulation proteins,Spore coat proteins,Not yet assigned
3958,SW 4.2.1.1.8,BSU_27840,safA,Lifestyles,Sporulation,Sporulation proteins,Spore coat proteins,Not yet assigned
3959,SW 4.2.1.1.8,G8J2-20,cmpA,Lifestyles,Sporulation,Sporulation proteins,Spore coat proteins,Not yet assigned
3960,SW 4.2.1.1.8,BSU_11750,cotY,Lifestyles,Sporulation,Sporulation proteins,Spore coat proteins,Not yet assigned
3961,SW 4.2.1.1.8,BSU_19760,cgeD,Lifestyles,Sporulation,Sporulation proteins,Spore coat proteins,Not yet assigned
3962,SW 4.2.1.1.8,BSU_37900,spsB,Lifestyles,Sporulation,Sporulation proteins,Spore coat proteins,Not yet assigned
3963,SW 4.2.1.1.8,BSU_19490,gerT,Lifestyles,Sporulation,Sporulation proteins,Spore coat proteins,Not yet assigned
3964,SW 4.2.1.1.8,BSU_19020,yobN,Lifestyles,Sporulation,Sporulation proteins,Spore coat proteins,Not yet assigned
3965,SW 4.2.1.1.8,BSU_12050,yjdH,Lifestyles,Sporulation,Sporulation proteins,Spore coat proteins,Not yet assigned
3966,SW 4.2.1.1.8,BSU_19770,cgeC,Lifestyles,Sporulation,Sporulation proteins,Spore coat proteins,Not yet assigned
3967,SW 4.2.1.1.8,BSU_40530,cotF,Lifestyles,Sporulation,Sporulation proteins,Spore coat proteins,Not yet assigned
3968,SW 4.2.1.1.8,BSU_13780,ykvP,Lifestyles,Sporulation,Sporulation proteins,Spore coat proteins,Not yet assigned
3969,SW 4.2.1.1.8,BSU_10740,yisJ,Lifestyles,Sporulation,Sporulation proteins,Spore coat proteins,Not yet assigned
3970,SW 4.2.1.1.8,BSU_15090,gerR,Lifestyles,Sporulation,Sporulation proteins,Spore coat proteins,Not yet assigned
3971,SW 4.2.1.1.8,BSU_19780,cgeA,Lifestyles,Sporulation,Sporulation proteins,Spore coat proteins,Not yet assigned
3972,SW 4.2.1.1.8,BSU_19610,yodI,Lifestyles,Sporulation,Sporulation proteins,Spore coat proteins,Not yet assigned
3973,SW 4.2.1.1.8,BSU_36210,ywqH,Lifestyles,Sporulation,Sporulation proteins,Spore coat proteins,Not yet assigned
3974,SW 4.2.1.2,BSU_26990,yraD,Lifestyles,Sporulation,Sporulation proteins,Spore coat protein/ based on similarity,
3975,SW 4.2.1.2,BSU_34510,yvdQ,Lifestyles,Sporulation,Sporulation proteins,Spore coat protein/ based on similarity,
3976,SW 4.2.1.2,BSU_26960,yraF,Lifestyles,Sporulation,Sporulation proteins,Spore coat protein/ based on similarity,
3977,SW 4.2.1.2,BSU_26950,yraG,Lifestyles,Sporulation,Sporulation proteins,Spore coat protein/ based on similarity,
3978,SW 4.2.1.2,BSU_26980,yraE,Lifestyles,Sporulation,Sporulation proteins,Spore coat protein/ based on similarity,
3979,SW 4.2.1.3,BSU_33340,sspJ,Lifestyles,Sporulation,Sporulation proteins,Small acid-soluble spore proteins,
3980,SW 4.2.1.3,BSU_18020,sspN,Lifestyles,Sporulation,Sporulation proteins,Small acid-soluble spore proteins,
3981,SW 4.2.1.3,BSU_22000,sspL,Lifestyles,Sporulation,Sporulation proteins,Small acid-soluble spore proteins,
3982,SW 4.2.1.3,BSU_09750,sspB,Lifestyles,Sporulation,Sporulation proteins,Small acid-soluble spore proteins,
3983,SW 4.2.1.3,BSU_28660,sspI,Lifestyles,Sporulation,Sporulation proteins,Small acid-soluble spore proteins,
3984,SW 4.2.1.3,BSU_19950,sspC,Lifestyles,Sporulation,Sporulation proteins,Small acid-soluble spore proteins,
3985,SW 4.2.1.3,BSU_00450,sspF,Lifestyles,Sporulation,Sporulation proteins,Small acid-soluble spore proteins,
3986,SW 4.2.1.3,BSU_17980,sspP,Lifestyles,Sporulation,Sporulation proteins,Small acid-soluble spore proteins,
3987,SW 4.2.1.3,BSU_17990,sspO,Lifestyles,Sporulation,Sporulation proteins,Small acid-soluble spore proteins,
3988,SW 4.2.1.3,BSU_08550,sspK,Lifestyles,Sporulation,Sporulation proteins,Small acid-soluble spore proteins,
3989,SW 4.2.1.3,BSU_08660,sspE,Lifestyles,Sporulation,Sporulation proteins,Small acid-soluble spore proteins,
3990,SW 4.2.1.3,BSU_08110,sspH,Lifestyles,Sporulation,Sporulation proteins,Small acid-soluble spore proteins,
3991,SW 4.2.1.3,BSU_22290,sspM,Lifestyles,Sporulation,Sporulation proteins,Small acid-soluble spore proteins,
3992,SW 4.2.1.3,BSU_29570,sspA,Lifestyles,Sporulation,Sporulation proteins,Small acid-soluble spore proteins,
3993,SW 4.2.1.3,BSU_13470,sspD,Lifestyles,Sporulation,Sporulation proteins,Small acid-soluble spore proteins,
3994,SW 4.2.1.3,BSU_32640,sspG,Lifestyles,Sporulation,Sporulation proteins,Small acid-soluble spore proteins,
3995,SW 4.2.1.4,BSU_25770,spoIVCA,Lifestyles,Sporulation,Sporulation proteins,Sporulation proteins/ other,
3996,SW 4.2.1.4,BSU_37870,spsE,Lifestyles,Sporulation,Sporulation proteins,Sporulation proteins/ other,
3997,SW 4.2.1.4,BSU_14870,ctaA,Lifestyles,Sporulation,Sporulation proteins,Sporulation proteins/ other,
3998,SW 4.2.1.4,BSU_14960,ylbC,Lifestyles,Sporulation,Sporulation proteins,Sporulation proteins/ other,
3999,SW 4.2.1.4,BSU_00660,yabT,Lifestyles,Sporulation,Sporulation proteins,Sporulation proteins/ other,
4000,SW 4.2.1.4,BSU_30960,glgD,Lifestyles,Sporulation,Sporulation proteins,Sporulation proteins/ other,
4001,SW 4.2.1.4,BSU_19600,yodH,Lifestyles,Sporulation,Sporulation proteins,Sporulation proteins/ other,
4002,SW 4.2.1.4,BSU_29110,phoP,Lifestyles,Sporulation,Sporulation proteins,Sporulation proteins/ other,
4003,SW 4.2.1.4,BSU_19720,yodR,Lifestyles,Sporulation,Sporulation proteins,Sporulation proteins/ other,
4004,SW 4.2.1.4,BSU_27470,yrrD,Lifestyles,Sporulation,Sporulation proteins,Sporulation proteins/ other,
4005,SW 4.2.1.4,BSU_08490,yfhD,Lifestyles,Sporulation,Sporulation proteins,Sporulation proteins/ other,
4006,SW 4.2.1.4,BSU_04610,ydcA,Lifestyles,Sporulation,Sporulation proteins,Sporulation proteins/ other,
4007,SW 4.2.1.4,BSU_10790,asnO,Lifestyles,Sporulation,Sporulation proteins,Sporulation proteins/ other,
4008,SW 4.2.1.4,BSU_29510,ytfI,Lifestyles,Sporulation,Sporulation proteins,Sporulation proteins/ other,
4009,SW 4.2.1.4,BSU_23470,spoIIAA,Lifestyles,Sporulation,Sporulation proteins,Sporulation proteins/ other,
4010,SW 4.2.1.4,BSU_38980,scoB,Lifestyles,Sporulation,Sporulation proteins,Sporulation proteins/ other,
4011,SW 4.2.1.4,BSU_00230,bofA,Lifestyles,Sporulation,Sporulation proteins,Sporulation proteins/ other,
4012,SW 4.2.1.4,BSU_25350,yqfD,Lifestyles,Sporulation,Sporulation proteins,Sporulation proteins/ other,
4013,SW 4.2.1.4,BSU_36540,ywnJ,Lifestyles,Sporulation,Sporulation proteins,Sporulation proteins/ other,
4014,SW 4.2.1.4,BSU_22850,seaA,Lifestyles,Sporulation,Sporulation proteins,Sporulation proteins/ other,
4015,SW 4.2.1.4,BSU_00560,spoVT,Lifestyles,Sporulation,Sporulation proteins,Sporulation proteins/ other,
4016,SW 4.2.1.4,BSU_12380,uxaB,Lifestyles,Sporulation,Sporulation proteins,Sporulation proteins/ other,
4017,SW 4.2.1.4,BSU_09400,spoVR,Lifestyles,Sporulation,Sporulation proteins,Sporulation proteins/ other,
4018,SW 4.2.1.4,BSU_02080,ybxH,Lifestyles,Sporulation,Sporulation proteins,Sporulation proteins/ other,
4019,SW 4.2.1.4,BSU_19710,yodQ,Lifestyles,Sporulation,Sporulation proteins,Sporulation proteins/ other,
4020,SW 4.2.1.4,BSU_24360,spoIIIAH,Lifestyles,Sporulation,Sporulation proteins,Sporulation proteins/ other,
4021,SW 4.2.1.4,BSU_36970,spoIIR,Lifestyles,Sporulation,Sporulation proteins,Sporulation proteins/ other,
4022,SW 4.2.1.4,BSU_17410,cwlC,Lifestyles,Sporulation,Sporulation proteins,Sporulation proteins/ other,
4023,SW 4.2.1.4,BSU_14950,ylbB,Lifestyles,Sporulation,Sporulation proteins,Sporulation proteins/ other,
4024,SW 4.2.1.4,BSU_35240,ctpB,Lifestyles,Sporulation,Sporulation proteins,Sporulation proteins/ other,
4025,SW 4.2.1.4,BSU_24410,spoIIIAC,Lifestyles,Sporulation,Sporulation proteins,Sporulation proteins/ other,
4026,SW 4.2.1.4,BSU_19689,yokU,Lifestyles,Sporulation,Sporulation proteins,Sporulation proteins/ other,
4027,SW 4.2.1.4,BSU_27750,bofC,Lifestyles,Sporulation,Sporulation proteins,Sporulation proteins/ other,
4028,SW 4.2.1.4,BSU_15170,spoVD,Lifestyles,Sporulation,Sporulation proteins,Sporulation proteins/ other,
4029,SW 4.2.1.4,BSU_32650,yurS,Lifestyles,Sporulation,Sporulation proteins,Sporulation proteins/ other,
4030,SW 4.2.1.4,BSU_19700,yodP,Lifestyles,Sporulation,Sporulation proteins,Sporulation proteins/ other,
4031,SW 4.2.1.4,BSU_27310,pbpI,Lifestyles,Sporulation,Sporulation proteins,Sporulation proteins/ other,
4032,SW 4.2.1.4,BSU_10970,yitF,Lifestyles,Sporulation,Sporulation proteins,Sporulation proteins/ other,
4033,SW 4.2.1.4,BSU_24420,spoIIIAB,Lifestyles,Sporulation,Sporulation proteins,Sporulation proteins/ other,
4034,SW 4.2.1.4,BSU_30970,glgC,Lifestyles,Sporulation,Sporulation proteins,Sporulation proteins/ other,
4035,SW 4.2.1.4,BSU_37890,spsC,Lifestyles,Sporulation,Sporulation proteins,Sporulation proteins/ other,
4036,SW 4.2.1.4,BSU_25060,yqfZ,Lifestyles,Sporulation,Sporulation proteins,Sporulation proteins/ other,
4037,SW 4.2.1.4,BSU_40880,exoA,Lifestyles,Sporulation,Sporulation proteins,Sporulation proteins/ other,
4038,SW 4.2.1.4,BSU_39000,hbuT,Lifestyles,Sporulation,Sporulation proteins,Sporulation proteins/ other,
4039,SW 4.2.1.4,BSU_23530,spoIIM,Lifestyles,Sporulation,Sporulation proteins,Sporulation proteins/ other,
4040,SW 4.2.1.4,BSU_30630,rppH,Lifestyles,Sporulation,Sporulation proteins,Sporulation proteins/ other,
4041,SW 4.2.1.4,BSU_29160,ytvI,Lifestyles,Sporulation,Sporulation proteins,Sporulation proteins/ other,
4042,SW 4.2.1.4,BSU_01520,ybaK,Lifestyles,Sporulation,Sporulation proteins,Sporulation proteins/ other,
4043,SW 4.2.1.4,BSU_15250,ylxW,Lifestyles,Sporulation,Sporulation proteins,Sporulation proteins/ other,
4044,SW 4.2.1.4,BSU_21950,ypzA,Lifestyles,Sporulation,Sporulation proteins,Sporulation proteins/ other,
4045,SW 4.2.1.4,BSU_37190,ywjE,Lifestyles,Sporulation,Sporulation proteins,Sporulation proteins/ other,
4046,SW 4.2.1.4,BSU_12110,yjfA,Lifestyles,Sporulation,Sporulation proteins,Sporulation proteins/ other,
4047,SW 4.2.1.4,BSU_08650,fabL,Lifestyles,Sporulation,Sporulation proteins,Sporulation proteins/ other,
4048,SW 4.2.1.4,BSU_11410,yjbA,Lifestyles,Sporulation,Sporulation proteins,Sporulation proteins/ other,
4049,SW 4.2.1.4,BSU_13410,ykoV,Lifestyles,Sporulation,Sporulation proteins,Sporulation proteins/ other,
4050,SW 4.2.1.4,BSU_12340,uxuA,Lifestyles,Sporulation,Sporulation proteins,Sporulation proteins/ other,
4051,SW 4.2.1.4,BSU_19740,yodT,Lifestyles,Sporulation,Sporulation proteins,Sporulation proteins/ other,
4052,SW 4.2.1.4,BSU_05530,ydfR,Lifestyles,Sporulation,Sporulation proteins,Sporulation proteins/ other,
4053,SW 4.2.1.4,BSU_08970,prkA,Lifestyles,Sporulation,Sporulation proteins,Sporulation proteins/ other,
4054,SW 4.2.1.4,BSU_24150,mmgC,Lifestyles,Sporulation,Sporulation proteins,Sporulation proteins/ other,
4055,SW 4.2.1.4,BSU_38630,katX,Lifestyles,Sporulation,Sporulation proteins,Sporulation proteins/ other,
4056,SW 4.2.1.4,BSU_00240,csfB,Lifestyles,Sporulation,Sporulation proteins,Sporulation proteins/ other,
4057,SW 4.2.1.4,BSU_40940,yyaD,Lifestyles,Sporulation,Sporulation proteins,Sporulation proteins/ other,
4058,SW 4.2.1.4,BSU_05540,ydfS,Lifestyles,Sporulation,Sporulation proteins,Sporulation proteins/ other,
4059,SW 4.2.1.4,BSU_25360,yqfC,Lifestyles,Sporulation,Sporulation proteins,Sporulation proteins/ other,
4060,SW 4.2.1.4,BSU_19330,sodF,Lifestyles,Sporulation,Sporulation proteins,Sporulation proteins/ other,
4061,SW 4.2.1.4,BSU_15240,divIB,Lifestyles,Sporulation,Sporulation proteins,Sporulation proteins/ other,
4062,SW 4.2.1.4,BSU_25530,spoIIP,Lifestyles,Sporulation,Sporulation proteins,Sporulation proteins/ other,
4063,SW 4.2.1.4,BSU_33470,bdbC,Lifestyles,Sporulation,Sporulation proteins,Sporulation proteins/ other,
4064,SW 4.2.1.4,BSU_16770,dapA,Lifestyles,Sporulation,Sporulation proteins,Sporulation proteins/ other,
4065,SW 4.2.1.4,BSU_07980,pdaA,Lifestyles,Sporulation,Sporulation proteins,Sporulation proteins/ other,
4066,SW 4.2.1.4,BSU_24650,yqzG,Lifestyles,Sporulation,Sporulation proteins,Sporulation proteins/ other,
4067,SW 4.2.1.4,BSU_30080,yteV,Lifestyles,Sporulation,Sporulation proteins,Sporulation proteins/ other,
4068,SW 4.2.1.4,BSU_05560,ydgA,Lifestyles,Sporulation,Sporulation proteins,Sporulation proteins/ other,
4069,SW 4.2.1.4,BSU_16730,spoVFA,Lifestyles,Sporulation,Sporulation proteins,Sporulation proteins/ other,
4070,SW 4.2.1.4,BSU_04630,ydcC,Lifestyles,Sporulation,Sporulation proteins,Sporulation proteins/ other,
4071,SW 4.2.1.4,BSU_15950,ftsY,Lifestyles,Sporulation,Sporulation proteins,Sporulation proteins/ other,
4072,SW 4.2.1.4,BSU_38240,ywcA,Lifestyles,Sporulation,Sporulation proteins,Sporulation proteins/ other,
4073,SW 4.2.1.4,BSU_10400,yhxC,Lifestyles,Sporulation,Sporulation proteins,Sporulation proteins/ other,
4074,SW 4.2.1.4,BSU_00630,yabR,Lifestyles,Sporulation,Sporulation proteins,Sporulation proteins/ other,
4075,SW 4.2.1.4,BSU_15260,ylxX,Lifestyles,Sporulation,Sporulation proteins,Sporulation proteins/ other,
4076,SW 4.2.1.4,BSU_07930,yfkD,Lifestyles,Sporulation,Sporulation proteins,Sporulation proteins/ other,
4077,SW 4.2.1.4,BSU_25520,yqxA,Lifestyles,Sporulation,Sporulation proteins,Sporulation proteins/ other,
4078,SW 4.2.1.4,BSU_10390,yhfW,Lifestyles,Sporulation,Sporulation proteins,Sporulation proteins/ other,
4079,SW 4.2.1.4,BSU_27670,spoVB,Lifestyles,Sporulation,Sporulation proteins,Sporulation proteins/ other,
4080,SW 4.2.1.4,BSU_10940,yitC,Lifestyles,Sporulation,Sporulation proteins,Sporulation proteins/ other,
4081,SW 4.2.1.4,BSU_03400,yckD,Lifestyles,Sporulation,Sporulation proteins,Sporulation proteins/ other,
4082,SW 4.2.1.4,BSU_32860,yusN,Lifestyles,Sporulation,Sporulation proteins,Sporulation proteins/ other,
4083,SW 4.2.1.4,BSU_14980,ylbE,Lifestyles,Sporulation,Sporulation proteins,Sporulation proteins/ other,
4084,SW 4.2.1.4,BSU_10950,yitD,Lifestyles,Sporulation,Sporulation proteins,Sporulation proteins/ other,
4085,SW 4.2.1.4,BSU_29100,phoR,Lifestyles,Sporulation,Sporulation proteins,Sporulation proteins/ other,
4086,SW 4.2.1.4,BSU_17820,pghL,Lifestyles,Sporulation,Sporulation proteins,Sporulation proteins/ other,
4087,SW 4.2.1.4,BSU_10930,yitB,Lifestyles,Sporulation,Sporulation proteins,Sporulation proteins/ other,
4088,SW 4.2.1.4,BSU_07920,chaA,Lifestyles,Sporulation,Sporulation proteins,Sporulation proteins/ other,
4089,SW 4.2.1.4,BSU_29630,refZ,Lifestyles,Sporulation,Sporulation proteins,Sporulation proteins/ other,
4090,SW 4.2.1.4,BSU_15230,murB,Lifestyles,Sporulation,Sporulation proteins,Sporulation proteins/ other,
4091,SW 4.2.1.4,BSU_33540,azoR2,Lifestyles,Sporulation,Sporulation proteins,Sporulation proteins/ other,
4092,SW 4.2.1.4,BSU_36040,ywrJ,Lifestyles,Sporulation,Sporulation proteins,Sporulation proteins/ other,
4093,SW 4.2.1.4,BSU_32070,yuiC,Lifestyles,Sporulation,Sporulation proteins,Sporulation proteins/ other,
4094,SW 4.2.1.4,BSU_24140,mmgD,Lifestyles,Sporulation,Sporulation proteins,Sporulation proteins/ other,
4095,SW 4.2.1.4,BSU_24230,spoIVB,Lifestyles,Sporulation,Sporulation proteins,Sporulation proteins/ other,
4096,SW 4.2.1.4,BSU_36420,spoIIID,Lifestyles,Sporulation,Sporulation proteins,Sporulation proteins/ other,
4097,SW 4.2.1.4,BSU_24490,yqhQ,Lifestyles,Sporulation,Sporulation proteins,Sporulation proteins/ other,
4098,SW 4.2.1.4,BSU_18250,yngI,Lifestyles,Sporulation,Sporulation proteins,Sporulation proteins/ other,
4099,SW 4.2.1.4,BSU_25070,ispG,Lifestyles,Sporulation,Sporulation proteins,Sporulation proteins/ other,
4100,SW 4.2.1.4,BSU_25710,cwlH,Lifestyles,Sporulation,Sporulation proteins,Sporulation proteins/ other,
4101,SW 4.2.1.4,BSU_27980,spoIVFA,Lifestyles,Sporulation,Sporulation proteins,Sporulation proteins/ other,
4102,SW 4.2.1.4,BSU_19430,cdaS,Lifestyles,Sporulation,Sporulation proteins,Sporulation proteins/ other,
4103,SW 4.2.1.4,BSU_13710,ykvI,Lifestyles,Sporulation,Sporulation proteins,Sporulation proteins/ other,
4104,SW 4.2.1.4,BSU_29239,ytrH,Lifestyles,Sporulation,Sporulation proteins,Sporulation proteins/ other,
4105,SW 4.2.1.4,BSU_11810,spoVIF,Lifestyles,Sporulation,Sporulation proteins,Sporulation proteins/ other,
4106,SW 4.2.1.4,BSU_16720,ymxH,Lifestyles,Sporulation,Sporulation proteins,Sporulation proteins/ other,
4107,SW 4.2.1.4,BSU_24430,spoIIIAA,Lifestyles,Sporulation,Sporulation proteins,Sporulation proteins/ other,
4108,SW 4.2.1.4,BSU_24500,yqhP,Lifestyles,Sporulation,Sporulation proteins,Sporulation proteins/ other,
4109,SW 4.2.1.4,BSU_30610,ytlC,Lifestyles,Sporulation,Sporulation proteins,Sporulation proteins/ other,
4110,SW 4.2.1.4,BSU_37830,spsJ,Lifestyles,Sporulation,Sporulation proteins,Sporulation proteins/ other,
4111,SW 4.2.1.4,BSU_24160,mmgB,Lifestyles,Sporulation,Sporulation proteins,Sporulation proteins/ other,
4112,SW 4.2.1.4,BSU_18220,yngF,Lifestyles,Sporulation,Sporulation proteins,Sporulation proteins/ other,
4113,SW 4.2.1.4,BSU_15330,sigG,Lifestyles,Sporulation,Sporulation proteins,Sporulation proteins/ other,
4114,SW 4.2.1.4,BSU_24130,mmgE,Lifestyles,Sporulation,Sporulation proteins,Sporulation proteins/ other,
4115,SW 4.2.1.4,BSU_13840,stoA,Lifestyles,Sporulation,Sporulation proteins,Sporulation proteins/ other,
4116,SW 4.2.1.4,BSU_28210,lonB,Lifestyles,Sporulation,Sporulation proteins,Sporulation proteins/ other,
4117,SW 4.2.1.4,BSU_37820,spsK,Lifestyles,Sporulation,Sporulation proteins,Sporulation proteins/ other,
4118,SW 4.2.1.4,BSU_28960,ytxC,Lifestyles,Sporulation,Sporulation proteins,Sporulation proteins/ other,
4119,SW 4.2.1.4,BSU_37620,rsfA,Lifestyles,Sporulation,Sporulation proteins,Sporulation proteins/ other,
4120,SW 4.2.1.4,BSU_15220,murG,Lifestyles,Sporulation,Sporulation proteins,Sporulation proteins/ other,
4121,SW 4.2.1.4,BSU_36430,usd,Lifestyles,Sporulation,Sporulation proteins,Sporulation proteins/ other,
4122,SW 4.2.1.4,BSU_23430,spoVAB,Lifestyles,Sporulation,Sporulation proteins,Sporulation proteins/ other,
4123,SW 4.2.1.4,BSU_07280,yfnG,Lifestyles,Sporulation,Sporulation proteins,Sporulation proteins/ other,
4124,SW 4.2.1.4,BSU_23420,spoVAC,Lifestyles,Sporulation,Sporulation proteins,Sporulation proteins/ other,
4125,SW 4.2.1.4,BSU_17720,yndA,Lifestyles,Sporulation,Sporulation proteins,Sporulation proteins/ other,
4126,SW 4.2.1.4,BSU_00540,fin,Lifestyles,Sporulation,Sporulation proteins,Sporulation proteins/ other,
4127,SW 4.2.1.4,BSU_36750,spoIID,Lifestyles,Sporulation,Sporulation proteins,Sporulation proteins/ other,
4128,SW 4.2.1.4,BSU_00600,yabP,Lifestyles,Sporulation,Sporulation proteins,Sporulation proteins/ other,
4129,SW 4.2.1.4,BSU_18240,yngH,Lifestyles,Sporulation,Sporulation proteins,Sporulation proteins/ other,
4130,SW 4.2.1.4,BSU_32340,lytH,Lifestyles,Sporulation,Sporulation proteins,Sporulation proteins/ other,
4131,SW 4.2.1.4,BSU_19730,yodS,Lifestyles,Sporulation,Sporulation proteins,Sporulation proteins/ other,
4132,SW 4.2.1.4,BSU_38230,ywcB,Lifestyles,Sporulation,Sporulation proteins,Sporulation proteins/ other,
4133,SW 4.2.1.4,BSU_10280,yhfM,Lifestyles,Sporulation,Sporulation proteins,Sporulation proteins/ other,
4134,SW 4.2.1.4,BSU_27970,spoIVFB,Lifestyles,Sporulation,Sporulation proteins,Sporulation proteins/ other,
4135,SW 4.2.1.4,BSU_23380,lysA,Lifestyles,Sporulation,Sporulation proteins,Sporulation proteins/ other,
4136,SW 4.2.1.4,BSU_12320,yjmC,Lifestyles,Sporulation,Sporulation proteins,Sporulation proteins/ other,
4137,SW 4.2.1.4,BSU_06290,yeaA,Lifestyles,Sporulation,Sporulation proteins,Sporulation proteins/ other,
4138,SW 4.2.1.4,BSU_01530,cwlD,Lifestyles,Sporulation,Sporulation proteins,Sporulation proteins/ other,
4139,SW 4.2.1.4,BSU_23460,spoIIAB,Lifestyles,Sporulation,Sporulation proteins,Sporulation proteins/ other,
4140,SW 4.2.1.4,BSU_24120,mmgF,Lifestyles,Sporulation,Sporulation proteins,Sporulation proteins/ other,
4141,SW 4.2.1.4,BSU_13400,ligD,Lifestyles,Sporulation,Sporulation proteins,Sporulation proteins/ other,
4142,SW 4.2.1.4,BSU_24390,spoIIIAE,Lifestyles,Sporulation,Sporulation proteins,Sporulation proteins/ other,
4143,SW 4.2.1.4,BSU_27760,csbX,Lifestyles,Sporulation,Sporulation proteins,Sporulation proteins/ other,
4144,SW 4.2.1.4,BSU_30870,ytcB,Lifestyles,Sporulation,Sporulation proteins,Sporulation proteins/ other,
4145,SW 4.2.1.4,BSU_07290,yfnF,Lifestyles,Sporulation,Sporulation proteins,Sporulation proteins/ other,
4146,SW 4.2.1.4,BSU_09165,yhcO,Lifestyles,Sporulation,Sporulation proteins,Sporulation proteins/ other,
4147,SW 4.2.1.4,BSU_07270,yfnH,Lifestyles,Sporulation,Sporulation proteins,Sporulation proteins/ other,
4148,SW 4.2.1.4,BSU_34470,yveA,Lifestyles,Sporulation,Sporulation proteins,Sporulation proteins/ other,
4149,SW 4.2.1.4,BSU_00860,clpC,Lifestyles,Sporulation,Sporulation proteins,Sporulation proteins/ other,
4150,SW 4.2.1.4,BSU_30940,glgP,Lifestyles,Sporulation,Sporulation proteins,Sporulation proteins/ other,
4151,SW 4.2.1.4,BSU_15030,spoVV,Lifestyles,Sporulation,Sporulation proteins,Sporulation proteins/ other,
4152,SW 4.2.1.4,BSU_37850,spsG,Lifestyles,Sporulation,Sporulation proteins,Sporulation proteins/ other,
4153,SW 4.2.1.4,BSU_08980,yhbH,Lifestyles,Sporulation,Sporulation proteins,Sporulation proteins/ other,
4154,SW 4.2.1.4,BSU_37810,spsL,Lifestyles,Sporulation,Sporulation proteins,Sporulation proteins/ other,
4155,SW 4.2.1.4,BSU_27430,glnQ,Lifestyles,Sporulation,Sporulation proteins,Sporulation proteins/ other,
4156,SW 4.2.1.4,BSU_27300,yrrS,Lifestyles,Sporulation,Sporulation proteins,Sporulation proteins/ other,
4157,SW 4.2.1.4,BSU_00840,mcsA,Lifestyles,Sporulation,Sporulation proteins,Sporulation proteins/ other,
4158,SW 4.2.1.4,BSU_38990,scoA,Lifestyles,Sporulation,Sporulation proteins,Sporulation proteins/ other,
4159,SW 4.2.1.4,BSU_25080,yqfX,Lifestyles,Sporulation,Sporulation proteins,Sporulation proteins/ other,
4160,SW 4.2.1.4,BSU_37200,ywjD,Lifestyles,Sporulation,Sporulation proteins,Sporulation proteins/ other,
4161,SW 4.2.1.4,BSU_16740,spoVFB,Lifestyles,Sporulation,Sporulation proteins,Sporulation proteins/ other,
4162,SW 4.2.1.4,BSU_18720,yoaR,Lifestyles,Sporulation,Sporulation proteins,Sporulation proteins/ other,
4163,SW 4.2.1.4,BSU_13920,splA,Lifestyles,Sporulation,Sporulation proteins,Sporulation proteins/ other,
4164,SW 4.2.1.4,BSU_19820,sprB,Lifestyles,Sporulation,Sporulation proteins,Sporulation proteins/ other,
4165,SW 4.2.1.4,BSU_09230,yhcV,Lifestyles,Sporulation,Sporulation proteins,Sporulation proteins/ other,
4166,SW 4.2.1.4,BSU_15210,spoVE,Lifestyles,Sporulation,Sporulation proteins,Sporulation proteins/ other,
4167,SW 4.2.1.4,BSU_00610,yabQ,Lifestyles,Sporulation,Sporulation proteins,Sporulation proteins/ other,
4168,SW 4.2.1.4,BSU_23480,dacF,Lifestyles,Sporulation,Sporulation proteins,Sporulation proteins/ other,
4169,SW 4.2.1.4,BSU_03920,glcU,Lifestyles,Sporulation,Sporulation proteins,Sporulation proteins/ other,
4170,SW 4.2.1.4,BSU_22860,yphA,Lifestyles,Sporulation,Sporulation proteins,Sporulation proteins/ other,
4171,SW 4.2.1.4,BSU_00620,divIC,Lifestyles,Sporulation,Sporulation proteins,Sporulation proteins/ other,
4172,SW 4.2.1.4,BSU_15440,ylyA,Lifestyles,Sporulation,Sporulation proteins,Sporulation proteins/ other,
4173,SW 4.2.1.4,BSU_24380,spoIIIAF,Lifestyles,Sporulation,Sporulation proteins,Sporulation proteins/ other,
4174,SW 4.2.1.4,BSU_18030,tlp,Lifestyles,Sporulation,Sporulation proteins,Sporulation proteins/ other,
4175,SW 4.2.1.4,BSU_37840,spsI,Lifestyles,Sporulation,Sporulation proteins,Sporulation proteins/ other,
4176,SW 4.2.1.4,BSU_05740,phoB,Lifestyles,Sporulation,Sporulation proteins,Sporulation proteins/ other,
4177,SW 4.2.1.4,BSU_19250,yocL,Lifestyles,Sporulation,Sporulation proteins,Sporulation proteins/ other,
4178,SW 4.2.1.4,BSU_09940,yhaL,Lifestyles,Sporulation,Sporulation proteins,Sporulation proteins/ other,
4179,SW 4.2.1.4,BSU_10910,yisZ,Lifestyles,Sporulation,Sporulation proteins,Sporulation proteins/ other,
4180,SW 4.2.1.4,BSU_25150,yqfQ,Lifestyles,Sporulation,Sporulation proteins,Sporulation proteins/ other,
4181,SW 4.2.1.4,BSU_22900,ypfB,Lifestyles,Sporulation,Sporulation proteins,Sporulation proteins/ other,
4182,SW 4.2.1.4,BSU_06930,yesK,Lifestyles,Sporulation,Sporulation proteins,Sporulation proteins/ other,
4183,SW 4.2.1.4,BSU_17420,spoVK,Lifestyles,Sporulation,Sporulation proteins,Sporulation proteins/ other,
4184,SW 4.2.1.4,BSU_23440,spoVAA,Lifestyles,Sporulation,Sporulation proteins,Sporulation proteins/ other,
4185,SW 4.2.1.4,BSU_31380,yuzA,Lifestyles,Sporulation,Sporulation proteins,Sporulation proteins/ other,
4186,SW 4.2.1.4,BSU_26970,adhB,Lifestyles,Sporulation,Sporulation proteins,Sporulation proteins/ other,
4187,SW 4.2.1.4,BSU_24400,spoIIIAD,Lifestyles,Sporulation,Sporulation proteins,Sporulation proteins/ other,
4188,SW 4.2.1.4,BSU_15360,ylmC,Lifestyles,Sporulation,Sporulation proteins,Sporulation proteins/ other,
4189,SW 4.2.1.4,BSU_03100,ycgG,Lifestyles,Sporulation,Sporulation proteins,Sporulation proteins/ other,
4190,SW 4.2.1.4,BSU_12370,exuR,Lifestyles,Sporulation,Sporulation proteins,Sporulation proteins/ other,
4191,SW 4.2.1.4,BSU_35540,tuaH,Lifestyles,Sporulation,Sporulation proteins,Sporulation proteins/ other,
4192,SW 4.2.1.4,BSU_33480,bdbD,Lifestyles,Sporulation,Sporulation proteins,Sporulation proteins/ other,
4193,SW 4.2.1.4,BSU_24580,yqhH,Lifestyles,Sporulation,Sporulation proteins,Sporulation proteins/ other,
4194,SW 4.2.1.4,BSU_40950,yyaC,Lifestyles,Sporulation,Sporulation proteins,Sporulation proteins/ other,
4195,SW 4.2.1.4,BSU_10110,pbpF,Lifestyles,Sporulation,Sporulation proteins,Sporulation proteins/ other,
4196,SW 4.2.1.4,BSU_12830,spoIISA,Lifestyles,Sporulation,Sporulation proteins,Sporulation proteins/ other,
4197,SW 4.2.1.4,BSU_27440,glnH,Lifestyles,Sporulation,Sporulation proteins,Sporulation proteins/ other,
4198,SW 4.2.1.4,BSU_23450,sigF,Lifestyles,Sporulation,Sporulation proteins,Sporulation proteins/ other,
4199,SW 4.2.1.4,BSU_32350,fisB,Lifestyles,Sporulation,Sporulation proteins,Sporulation proteins/ other,
4200,SW 4.2.1.4,BSU_11790,yjcA,Lifestyles,Sporulation,Sporulation proteins,Sporulation proteins/ other,
4201,SW 4.2.1.4,BSU_24170,mmgA,Lifestyles,Sporulation,Sporulation proteins,Sporulation proteins/ other,
4202,SW 4.2.1.4,BSU_35550,tuaG,Lifestyles,Sporulation,Sporulation proteins,Sporulation proteins/ other,
4203,SW 4.2.1.4,BSU_12390,uxaA,Lifestyles,Sporulation,Sporulation proteins,Sporulation proteins/ other,
4204,SW 4.2.1.4,BSU_37510,pbpG,Lifestyles,Sporulation,Sporulation proteins,Sporulation proteins/ other,
4205,SW 4.2.1.4,BSU_06280,ydjP,Lifestyles,Sporulation,Sporulation proteins,Sporulation proteins/ other,
4206,SW 4.2.1.4,BSU_37860,spsF,Lifestyles,Sporulation,Sporulation proteins,Sporulation proteins/ other,
4207,SW 4.2.1.4,BSU_27830,coxA,Lifestyles,Sporulation,Sporulation proteins,Sporulation proteins/ other,
4208,SW 4.2.1.4,BSU_29240,ytrI,Lifestyles,Sporulation,Sporulation proteins,Sporulation proteins/ other,
4209,SW 4.2.1.4,BSU_24370,spoIIIAG,Lifestyles,Sporulation,Sporulation proteins,Sporulation proteins/ other,
4210,SW 4.2.1.4,BSU_18780,yoaW,Lifestyles,Sporulation,Sporulation proteins,Sporulation proteins/ other,
4211,SW 4.2.1.4,BSU_09180,yhcQ,Lifestyles,Sporulation,Sporulation proteins,Sporulation proteins/ other,
4212,SW 4.2.1.4,BSU_08640,yfhS,Lifestyles,Sporulation,Sporulation proteins,Sporulation proteins/ other,
4213,SW 4.2.1.4,BSU_38970,yxjF,Lifestyles,Sporulation,Sporulation proteins,Sporulation proteins/ other,
4214,SW 4.2.1.4,BSU_36410,mbl,Lifestyles,Sporulation,Sporulation proteins,Sporulation proteins/ other,
4215,SW 4.2.1.4,BSU_30595,ytlA,Lifestyles,Sporulation,Sporulation proteins,Sporulation proteins/ other,
4216,SW 4.2.1.4,BSU_07310,yfnD,Lifestyles,Sporulation,Sporulation proteins,Sporulation proteins/ other,
4217,SW 4.2.1.4,BSU_16750,asd,Lifestyles,Sporulation,Sporulation proteins,Sporulation proteins/ other,
4218,SW 4.2.1.4,BSU_15270,sbp,Lifestyles,Sporulation,Sporulation proteins,Sporulation proteins/ other,
4219,SW 4.2.1.4,BSU_09958,sscA,Lifestyles,Sporulation,Sporulation proteins,Sporulation proteins/ other,
4220,SW 4.2.1.4,BSU_13930,splB,Lifestyles,Sporulation,Sporulation proteins,Sporulation proteins/ other,
4221,SW 4.2.1.4,BSU_22240,ypqA,Lifestyles,Sporulation,Sporulation proteins,Sporulation proteins/ other,
4222,SW 4.2.1.4,BSU_39590,yxeD,Lifestyles,Sporulation,Sporulation proteins,Sporulation proteins/ other,
4223,SW 4.2.1.4,BSU_12350,yjmF,Lifestyles,Sporulation,Sporulation proteins,Sporulation proteins/ other,
4224,SW 4.2.1.4,BSU_05730,ydhF,Lifestyles,Sporulation,Sporulation proteins,Sporulation proteins/ other,
4225,SW 4.2.1.4,BSU_18230,yngG,Lifestyles,Sporulation,Sporulation proteins,Sporulation proteins/ other,
4226,SW 4.2.1.4,BSU_23190,dacB,Lifestyles,Sporulation,Sporulation proteins,Sporulation proteins/ other,
4227,SW 4.2.1.4,BSU_27450,glnM,Lifestyles,Sporulation,Sporulation proteins,Sporulation proteins/ other,
4228,SW 4.2.1.4,BSU_36550,spoIIQ,Lifestyles,Sporulation,Sporulation proteins,Sporulation proteins/ other,
4229,SW 4.2.1.4,BSU_10980,yitG,Lifestyles,Sporulation,Sporulation proteins,Sporulation proteins/ other,
4230,SW 4.2.1.4,BSU_23180,spmA,Lifestyles,Sporulation,Sporulation proteins,Sporulation proteins/ other,
4231,SW 4.2.1.4,BSU_30980,glgB,Lifestyles,Sporulation,Sporulation proteins,Sporulation proteins/ other,
4232,SW 4.2.1.4,BSU_12360,exuT,Lifestyles,Sporulation,Sporulation proteins,Sporulation proteins/ other,
4233,SW 4.2.1.4,BSU_18260,yngJ,Lifestyles,Sporulation,Sporulation proteins,Sporulation proteins/ other,
4234,SW 4.2.1.4,BSU_37880,spsD,Lifestyles,Sporulation,Sporulation proteins,Sporulation proteins/ other,
4235,SW 4.2.1.4,BSU_18600,yozQ,Lifestyles,Sporulation,Sporulation proteins,Sporulation proteins/ other,
4236,SW 4.2.1.4,BSU_25800,yqcK,Lifestyles,Sporulation,Sporulation proteins,Sporulation proteins/ other,
4237,SW 4.2.1.4,BSU_16760,dapG,Lifestyles,Sporulation,Sporulation proteins,Sporulation proteins/ other,
4238,SW 4.2.1.4,BSU_24590,yqhG,Lifestyles,Sporulation,Sporulation proteins,Sporulation proteins/ other,
4239,SW 4.2.1.4,BSU_10920,yitA,Lifestyles,Sporulation,Sporulation proteins,Sporulation proteins/ other,
4240,SW 4.2.1.4,BSU_27460,glnP,Lifestyles,Sporulation,Sporulation proteins,Sporulation proteins/ other,
4241,SW 4.2.1.4,BSU_09140,yhcM,Lifestyles,Sporulation,Sporulation proteins,Sporulation proteins/ other,
4242,SW 4.2.1.4,BSU_03090,ycgF,Lifestyles,Sporulation,Sporulation proteins,Sporulation proteins/ other,
4243,SW 4.2.1.4,BSU_08500,yfhE,Lifestyles,Sporulation,Sporulation proteins,Sporulation proteins/ other,
4244,SW 4.2.1.4,BSU_07300,yfnE,Lifestyles,Sporulation,Sporulation proteins,Sporulation proteins/ other,
4245,SW 4.2.1.4,BSU_03390,yckC,Lifestyles,Sporulation,Sporulation proteins,Sporulation proteins/ other,
4246,SW 4.2.1.4,BSU_22520,ypjB,Lifestyles,Sporulation,Sporulation proteins,Sporulation proteins/ other,
4247,SW 4.2.1.4,BSU_23390,spoVAF,Lifestyles,Sporulation,Sporulation proteins,Sporulation proteins/ other,
4248,SW 4.2.1.4,BSU_40360,htrC,Lifestyles,Sporulation,Sporulation proteins,Sporulation proteins/ other,
4249,SW 4.2.1.4,BSU_30620,ytlD,Lifestyles,Sporulation,Sporulation proteins,Sporulation proteins/ other,
4250,SW 4.2.1.4,BSU_19110,yobW,Lifestyles,Sporulation,Sporulation proteins,Sporulation proteins/ other,
4251,SW 4.2.1.4,BSU_15650,yloB,Lifestyles,Sporulation,Sporulation proteins,Sporulation proteins/ other,
4252,SW 4.2.1.4,BSU_30840,yteA,Lifestyles,Sporulation,Sporulation proteins,Sporulation proteins/ other,
4253,SW 4.2.1.4,BSU_18210,yngE,Lifestyles,Sporulation,Sporulation proteins,Sporulation proteins/ other,
4254,SW 4.2.1.4,BSU_26560,yrkC,Lifestyles,Sporulation,Sporulation proteins,Sporulation proteins/ other,
4255,SW 4.2.1.4,BSU_18239,yngHB,Lifestyles,Sporulation,Sporulation proteins,Sporulation proteins/ other,
4256,SW 4.2.1.4,BSU_23170,spmB,Lifestyles,Sporulation,Sporulation proteins,Sporulation proteins/ other,
4257,SW 4.2.1.4,BSU_05570,ydgB,Lifestyles,Sporulation,Sporulation proteins,Sporulation proteins/ other,
4258,SW 4.2.1.4,BSU_19690,kamA,Lifestyles,Sporulation,Sporulation proteins,Sporulation proteins/ other,
4259,SW 4.2.1.4,BSU_06920,yesJ,Lifestyles,Sporulation,Sporulation proteins,Sporulation proteins/ other,
4260,SW 4.2.1.4,BSU_35560,tuaF,Lifestyles,Sporulation,Sporulation proteins,Sporulation proteins/ other,
4261,SW 4.2.1.4,BSU_26390,sigKC,Lifestyles,Sporulation,Sporulation proteins,Sporulation proteins/ other,
4262,SW 4.2.1.4,BSU_40870,ccpB,Lifestyles,Sporulation,Sporulation proteins,Sporulation proteins/ other,
4263,SW 4.2.1.4,BSU_37910,spsA,Lifestyles,Sporulation,Sporulation proteins,Sporulation proteins/ other,
4264,SW 4.2.1.4,BSU_12330,yjmD,Lifestyles,Sporulation,Sporulation proteins,Sporulation proteins/ other,
4265,SW 4.2.1.4,BSU_23930,yqjC,Lifestyles,Sporulation,Sporulation proteins,Sporulation proteins/ other,
4266,SW 4.2.1.4,BSU_00850,mcsB,Lifestyles,Sporulation,Sporulation proteins,Sporulation proteins/ other,
4267,SW 4.2.1.4,BSU_25760,sigK,Lifestyles,Sporulation,Sporulation proteins,Sporulation proteins/ other,
4268,SW 4.2.1.4,BSU_19320,sqhC,Lifestyles,Sporulation,Sporulation proteins,Sporulation proteins/ other,
4269,SW 4.2.1.4,BSU_13790,ykvQ,Lifestyles,Sporulation,Sporulation proteins,Sporulation proteins/ other,
4270,SW 4.2.1.4,BSU_22019,ypzF,Lifestyles,Sporulation,Sporulation proteins,Sporulation proteins/ other,
4271,SW 4.2.1.4,BSU_30880,ytcC,Lifestyles,Sporulation,Sporulation proteins,Sporulation proteins/ other,
4272,SW 4.2.1.4,BSU_11290,yjaV,Lifestyles,Sporulation,Sporulation proteins,Sporulation proteins/ other,
4273,SW 4.2.1.4,BSU_01570,pdaB,Lifestyles,Sporulation,Sporulation proteins,Sporulation proteins/ other,
4274,SW 4.2.1.4,BSU_30950,glgA,Lifestyles,Sporulation,Sporulation proteins,Sporulation proteins/ other,
4275,SW 4.2.1.5,BSU_26250,yqaN,Lifestyles,Sporulation,Sporulation proteins,Newly identified sporulation proteins (based on transcription profiling),
4276,SW 4.2.1.5,BSU_10780,yisN,Lifestyles,Sporulation,Sporulation proteins,Newly identified sporulation proteins (based on transcription profiling),
4277,SW 4.2.1.5,BSU_40820,yyaL,Lifestyles,Sporulation,Sporulation proteins,Newly identified sporulation proteins (based on transcription profiling),
4278,SW 4.2.1.5,BSU_08779,ygzC,Lifestyles,Sporulation,Sporulation proteins,Newly identified sporulation proteins (based on transcription profiling),
4279,SW 4.2.1.5,BSU_16825,ymfD,Lifestyles,Sporulation,Sporulation proteins,Newly identified sporulation proteins (based on transcription profiling),
4280,SW 4.2.1.5,BSU_31290,yugT,Lifestyles,Sporulation,Sporulation proteins,Newly identified sporulation proteins (based on transcription profiling),
4281,SW 4.2.1.5,BSU_38440,ywaF,Lifestyles,Sporulation,Sporulation proteins,Newly identified sporulation proteins (based on transcription profiling),
4282,SW 4.2.1.5,BSU_35040,yvnB,Lifestyles,Sporulation,Sporulation proteins,Newly identified sporulation proteins (based on transcription profiling),
4283,SW 4.2.1.5,BSU_21960,ypeQ,Lifestyles,Sporulation,Sporulation proteins,Newly identified sporulation proteins (based on transcription profiling),
4284,SW 4.2.1.5,BSU_27290,yrzA,Lifestyles,Sporulation,Sporulation proteins,Newly identified sporulation proteins (based on transcription profiling),
4285,SW 4.2.1.5,BSU_40270,yycP,Lifestyles,Sporulation,Sporulation proteins,Newly identified sporulation proteins (based on transcription profiling),
4286,SW 4.2.1.5,BSU_26740,cypA,Lifestyles,Sporulation,Sporulation proteins,Newly identified sporulation proteins (based on transcription profiling),
4287,SW 4.2.1.5,BSU_19270,yozN,Lifestyles,Sporulation,Sporulation proteins,Newly identified sporulation proteins (based on transcription profiling),
4288,SW 4.2.1.5,BSU_18760,yoaU,Lifestyles,Sporulation,Sporulation proteins,Newly identified sporulation proteins (based on transcription profiling),
4289,SW 4.2.1.5,BSU_18660,yoaM,Lifestyles,Sporulation,Sporulation proteins,Newly identified sporulation proteins (based on transcription profiling),
4290,SW 4.2.1.5,BSU_32720,yurZ,Lifestyles,Sporulation,Sporulation proteins,Newly identified sporulation proteins (based on transcription profiling),
4291,SW 4.2.1.5,BSU_27469,yrzR,Lifestyles,Sporulation,Sporulation proteins,Newly identified sporulation proteins (based on transcription profiling),
4292,SW 4.2.1.5,BSU_31322,yugO,Lifestyles,Sporulation,Sporulation proteins,Newly identified sporulation proteins (based on transcription profiling),
4293,SW 4.2.1.5,BSU_38390,ywbA,Lifestyles,Sporulation,Sporulation proteins,Newly identified sporulation proteins (based on transcription profiling),
4294,SW 4.2.1.5,BSU_31310,yugP,Lifestyles,Sporulation,Sporulation proteins,Newly identified sporulation proteins (based on transcription profiling),
4295,SW 4.2.1.5,BSU_36790,ywmA,Lifestyles,Sporulation,Sporulation proteins,Newly identified sporulation proteins (based on transcription profiling),
4296,SW 4.2.1.5,BSU_03110,ycgH,Lifestyles,Sporulation,Sporulation proteins,Newly identified sporulation proteins (based on transcription profiling),
4297,SW 4.2.1.5,BSU_11139,yizC,Lifestyles,Sporulation,Sporulation proteins,Newly identified sporulation proteins (based on transcription profiling),
4298,SW 4.2.1.5,BSU_30470,ytzC,Lifestyles,Sporulation,Sporulation proteins,Newly identified sporulation proteins (based on transcription profiling),
4299,SW 4.2.1.5,BSU_13370,ykoQ,Lifestyles,Sporulation,Sporulation proteins,Newly identified sporulation proteins (based on transcription profiling),
4300,SW 4.2.1.5,BSU_17320,ymaF,Lifestyles,Sporulation,Sporulation proteins,Newly identified sporulation proteins (based on transcription profiling),
4301,SW 4.2.1.5,BSU_13060,ykjA,Lifestyles,Sporulation,Sporulation proteins,Newly identified sporulation proteins (based on transcription profiling),
4302,SW 4.2.1.5,BSU_11080,yitQ,Lifestyles,Sporulation,Sporulation proteins,Newly identified sporulation proteins (based on transcription profiling),
4303,SW 4.2.1.5,BSU_36030,ywrK,Lifestyles,Sporulation,Sporulation proteins,Newly identified sporulation proteins (based on transcription profiling),
4304,SW 4.2.1.5,BSU_09350,yhdB,Lifestyles,Sporulation,Sporulation proteins,Newly identified sporulation proteins (based on transcription profiling),
4305,SW 4.2.1.5,BSU_10009,yhzF,Lifestyles,Sporulation,Sporulation proteins,Newly identified sporulation proteins (based on transcription profiling),
4306,SW 4.2.1.5,BSU_23320,ypzC,Lifestyles,Sporulation,Sporulation proteins,Newly identified sporulation proteins (based on transcription profiling),
4307,SW 4.2.1.5,BSU_09210,yhcT,Lifestyles,Sporulation,Sporulation proteins,Newly identified sporulation proteins (based on transcription profiling),
4308,SW 4.2.1.5,BSU_13390,ykoT,Lifestyles,Sporulation,Sporulation proteins,Newly identified sporulation proteins (based on transcription profiling),
4309,SW 4.2.1.5,BSU_24480,yqhR,Lifestyles,Sporulation,Sporulation proteins,Newly identified sporulation proteins (based on transcription profiling),
4310,SW 4.2.1.5,BSU_18710,yozF,Lifestyles,Sporulation,Sporulation proteins,Newly identified sporulation proteins (based on transcription profiling),
4311,SW 4.2.1.5,BSU_32360,yunC,Lifestyles,Sporulation,Sporulation proteins,Newly identified sporulation proteins (based on transcription profiling),
4312,SW 4.2.1.5,BSU_31790,yueG,Lifestyles,Sporulation,Sporulation proteins,Newly identified sporulation proteins (based on transcription profiling),
4313,SW 4.2.1.5,BSU_30330,ytvB,Lifestyles,Sporulation,Sporulation proteins,Newly identified sporulation proteins (based on transcription profiling),
4314,SW 4.2.1.5,BSU_13290,ykzD,Lifestyles,Sporulation,Sporulation proteins,Newly identified sporulation proteins (based on transcription profiling),
4315,SW 4.2.1.5,BSU_31810,yuzE,Lifestyles,Sporulation,Sporulation proteins,Newly identified sporulation proteins (based on transcription profiling),
4316,SW 4.2.1.5,BSU_31319,yuzI,Lifestyles,Sporulation,Sporulation proteins,Newly identified sporulation proteins (based on transcription profiling),
4317,SW 4.2.1.5,BSU_07620,yflN,Lifestyles,Sporulation,Sporulation proteins,Newly identified sporulation proteins (based on transcription profiling),
4318,SW 4.2.1.5,BSU_23350,ypzD,Lifestyles,Sporulation,Sporulation proteins,Newly identified sporulation proteins (based on transcription profiling),
4319,SW 4.2.1.5,BSU_26559,yrzN,Lifestyles,Sporulation,Sporulation proteins,Newly identified sporulation proteins (based on transcription profiling),
4320,SW 4.2.1.5,BSU_36480,ywoD,Lifestyles,Sporulation,Sporulation proteins,Newly identified sporulation proteins (based on transcription profiling),
4321,SW 4.2.1.5,BSU_11549,yizD,Lifestyles,Sporulation,Sporulation proteins,Newly identified sporulation proteins (based on transcription profiling),
4322,SW 4.2.1.5,BSU_02150,ybeF,Lifestyles,Sporulation,Sporulation proteins,Newly identified sporulation proteins (based on transcription profiling),
4323,SW 4.2.1.5,BSU_17650,yncE,Lifestyles,Sporulation,Sporulation proteins,Newly identified sporulation proteins (based on transcription profiling),
4324,SW 4.2.1.5,BSU_14569,ykzV,Lifestyles,Sporulation,Sporulation proteins,Newly identified sporulation proteins (based on transcription profiling),
4325,SW 4.2.1.5,BSU_10080,yhfA,Lifestyles,Sporulation,Sporulation proteins,Newly identified sporulation proteins (based on transcription profiling),
4326,SW 4.2.1.5,BSU_00080,yaaC,Lifestyles,Sporulation,Sporulation proteins,Newly identified sporulation proteins (based on transcription profiling),
4327,SW 4.2.1.5,BSU_27468,yrzQ,Lifestyles,Sporulation,Sporulation proteins,Newly identified sporulation proteins (based on transcription profiling),
4328,SW 4.2.1.5,BSU_30710,ythA,Lifestyles,Sporulation,Sporulation proteins,Newly identified sporulation proteins (based on transcription profiling),
4329,SW 4.2.1.5,BSU_07540,yfmA,Lifestyles,Sporulation,Sporulation proteins,Newly identified sporulation proteins (based on transcription profiling),
4330,SW 4.2.1.5,BSU_05529,ydzR,Lifestyles,Sporulation,Sporulation proteins,Newly identified sporulation proteins (based on transcription profiling),
4331,SW 4.2.1.5,BSU_18290,yngL,Lifestyles,Sporulation,Sporulation proteins,Newly identified sporulation proteins (based on transcription profiling),
4332,SW 4.2.1.5,BSU_19669,yoyF,Lifestyles,Sporulation,Sporulation proteins,Newly identified sporulation proteins (based on transcription profiling),
4333,SW 4.2.1.5,BSU_19670,yodN,Lifestyles,Sporulation,Sporulation proteins,Newly identified sporulation proteins (based on transcription profiling),
4334,SW 4.2.1.5,BSU_27690,yrzE,Lifestyles,Sporulation,Sporulation proteins,Newly identified sporulation proteins (based on transcription profiling),
4335,SW 4.2.1.5,BSU_02250,ybfJ,Lifestyles,Sporulation,Sporulation proteins,Newly identified sporulation proteins (based on transcription profiling),
4336,SW 4.2.1.5,BSU_26259,yqzO,Lifestyles,Sporulation,Sporulation proteins,Newly identified sporulation proteins (based on transcription profiling),
4337,SW 4.2.1.5,BSU_14200,ykuS,Lifestyles,Sporulation,Sporulation proteins,Newly identified sporulation proteins (based on transcription profiling),
4338,SW 4.2.1.5,BSU_18709,yozT,Lifestyles,Sporulation,Sporulation proteins,Newly identified sporulation proteins (based on transcription profiling),
4339,SW 4.2.1.5,BSU_16880,ymfJ,Lifestyles,Sporulation,Sporulation proteins,Newly identified sporulation proteins (based on transcription profiling),
4340,SW 4.2.1.5,BSU_36990,ywkF,Lifestyles,Sporulation,Sporulation proteins,Newly identified sporulation proteins (based on transcription profiling),
4341,SW 4.2.1.5,BSU_13510,ykzE,Lifestyles,Sporulation,Sporulation proteins,Newly identified sporulation proteins (based on transcription profiling),
4342,SW 4.2.1.5,BSU_10290,yhfN,Lifestyles,Sporulation,Sporulation proteins,Newly identified sporulation proteins (based on transcription profiling),
4343,SW 4.2.1.5,BSU_13940,ykwB,Lifestyles,Sporulation,Sporulation proteins,Newly identified sporulation proteins (based on transcription profiling),
4344,SW 4.2.1.5,BSU_36490,ywoC,Lifestyles,Sporulation,Sporulation proteins,Newly identified sporulation proteins (based on transcription profiling),
4345,SW 4.2.1.5,BSU_06559,yezF,Lifestyles,Sporulation,Sporulation proteins,Newly identified sporulation proteins (based on transcription profiling),
4346,SW 4.2.1.5,BSU_08770,ygzA,Lifestyles,Sporulation,Sporulation proteins,Newly identified sporulation proteins (based on transcription profiling),
4347,SW 4.2.1.5,BSU_11260,yjzC,Lifestyles,Sporulation,Sporulation proteins,Newly identified sporulation proteins (based on transcription profiling),
4348,SW 4.2.1.5,BSU_18019,ynzL,Lifestyles,Sporulation,Sporulation proteins,Newly identified sporulation proteins (based on transcription profiling),
4349,SW 4.2.1.5,BSU_29150,ytwI,Lifestyles,Sporulation,Sporulation proteins,Newly identified sporulation proteins (based on transcription profiling),
4350,SW 4.2.1.5,BSU_33640,yvaM,Lifestyles,Sporulation,Sporulation proteins,Newly identified sporulation proteins (based on transcription profiling),
4351,SW 4.2.1.5,BSU_39060,citH,Lifestyles,Sporulation,Sporulation proteins,Newly identified sporulation proteins (based on transcription profiling),
4352,SW 4.2.1.5,BSU_32950,yusW,Lifestyles,Sporulation,Sporulation proteins,Newly identified sporulation proteins (based on transcription profiling),
4353,SW 4.2.1.5,BSU_13360,ykoP,Lifestyles,Sporulation,Sporulation proteins,Newly identified sporulation proteins (based on transcription profiling),
4354,SW 4.2.1.5,BSU_11280,yjaU,Lifestyles,Sporulation,Sporulation proteins,Newly identified sporulation proteins (based on transcription profiling),
4355,SW 4.2.1.5,BSU_25730,yqeC,Lifestyles,Sporulation,Sporulation proteins,Newly identified sporulation proteins (based on transcription profiling),
4356,SW 4.2.1.5,BSU_19639,yoyE,Lifestyles,Sporulation,Sporulation proteins,Newly identified sporulation proteins (based on transcription profiling),
4357,SW 4.2.1.5,BSU_22849,ypzH,Lifestyles,Sporulation,Sporulation proteins,Newly identified sporulation proteins (based on transcription profiling),
4358,SW 4.2.1.5,BSU_19280,yocN,Lifestyles,Sporulation,Sporulation proteins,Newly identified sporulation proteins (based on transcription profiling),
4359,SW 4.2.1.5,BSU_11350,yjaZ,Lifestyles,Sporulation,Sporulation proteins,Newly identified sporulation proteins (based on transcription profiling),
4360,SW 4.2.1.5,BSU_22300,yppC,Lifestyles,Sporulation,Sporulation proteins,Newly identified sporulation proteins (based on transcription profiling),
4361,SW 4.2.1.5,BSU_13350,ykoN,Lifestyles,Sporulation,Sporulation proteins,Newly identified sporulation proteins (based on transcription profiling),
4362,SW 4.2.1.5,BSU_19640,yodL,Lifestyles,Sporulation,Sporulation proteins,Newly identified sporulation proteins (based on transcription profiling),
4363,SW 4.2.1.5,BSU_18200,nrnB,Lifestyles,Sporulation,Sporulation proteins,Newly identified sporulation proteins (based on transcription profiling),
4364,SW 4.2.1.5,BSU_26240,yqaO,Lifestyles,Sporulation,Sporulation proteins,Newly identified sporulation proteins (based on transcription profiling),
4365,SW 4.2.1.5,BSU_25820,yqcI,Lifestyles,Sporulation,Sporulation proteins,Newly identified sporulation proteins (based on transcription profiling),
4366,SW 4.2.1.5,BSU_32320,yutC,Lifestyles,Sporulation,Sporulation proteins,Newly identified sporulation proteins (based on transcription profiling),
4367,SW 4.2.1.5,BSU_27680,yrbG,Lifestyles,Sporulation,Sporulation proteins,Newly identified sporulation proteins (based on transcription profiling),
4368,SW 4.2.1.5,BSU_19680,yozE,Lifestyles,Sporulation,Sporulation proteins,Newly identified sporulation proteins (based on transcription profiling),
4369,SW 4.2.1.5,BSU_19660,yozD,Lifestyles,Sporulation,Sporulation proteins,Newly identified sporulation proteins (based on transcription profiling),
4370,SW 4.2.1.5,BSU_24440,yqhV,Lifestyles,Sporulation,Sporulation proteins,Newly identified sporulation proteins (based on transcription profiling),
4371,SW 4.2.1.5,BSU_30739,ytzL,Lifestyles,Sporulation,Sporulation proteins,Newly identified sporulation proteins (based on transcription profiling),
4372,SW 4.2.1.5,BSU_40260,yycQ,Lifestyles,Sporulation,Sporulation proteins,Newly identified sporulation proteins (based on transcription profiling),
4373,SW 4.2.1.5,BSU_32849,yuzL,Lifestyles,Sporulation,Sporulation proteins,Newly identified sporulation proteins (based on transcription profiling),
4374,SW 4.2.1.5,BSU_10960,yitE,Lifestyles,Sporulation,Sporulation proteins,Newly identified sporulation proteins (based on transcription profiling),
4375,SW 4.2.1.5,BSU_18280,yngK,Lifestyles,Sporulation,Sporulation proteins,Newly identified sporulation proteins (based on transcription profiling),
4376,SW 4.2.1.5,BSU_11799,yjzK,Lifestyles,Sporulation,Sporulation proteins,Newly identified sporulation proteins (based on transcription profiling),
4377,SW 4.2.1.5,BSU_31321,mstX,Lifestyles,Sporulation,Sporulation proteins,Newly identified sporulation proteins (based on transcription profiling),
4378,SW 4.2.1.5,BSU_30850,ytdA,Lifestyles,Sporulation,Sporulation proteins,Newly identified sporulation proteins (based on transcription profiling),
4379,SW 4.2.1.5,BSU_30100,yteT,Lifestyles,Sporulation,Sporulation proteins,Newly identified sporulation proteins (based on transcription profiling),
4380,SW 4.2.1.5,BSU_03680,yclG,Lifestyles,Sporulation,Sporulation proteins,Newly identified sporulation proteins (based on transcription profiling),
4381,SW 4.2.1.5,BSU_31420,yugF,Lifestyles,Sporulation,Sporulation proteins,Newly identified sporulation proteins (based on transcription profiling),
4382,SW 4.2.1.5,BSU_32850,fadM,Lifestyles,Sporulation,Sporulation proteins,Newly identified sporulation proteins (based on transcription profiling),
4383,SW 4.2.1.5,BSU_22160,yptA,Lifestyles,Sporulation,Sporulation proteins,Newly identified sporulation proteins (based on transcription profiling),
4384,SW 4.2.1.5,BSU_18270,ynzE,Lifestyles,Sporulation,Sporulation proteins,Newly identified sporulation proteins (based on transcription profiling),
4385,SW 4.2.1.5,BSU_11809,yjcZ,Lifestyles,Sporulation,Sporulation proteins,Newly identified sporulation proteins (based on transcription profiling),
4386,SW 4.2.1.5,BSU_40560,yybP,Lifestyles,Sporulation,Sporulation proteins,Newly identified sporulation proteins (based on transcription profiling),
4387,SW 4.2.1.5,BSU_32100,yumB,Lifestyles,Sporulation,Sporulation proteins,Newly identified sporulation proteins (based on transcription profiling),
4388,SW 4.2.1.5,BSU_07250,yetO,Lifestyles,Sporulation,Sporulation proteins,Newly identified sporulation proteins (based on transcription profiling),
4389,SW 4.2.1.5,BSU_23616,mciZ,Lifestyles,Sporulation,Sporulation proteins,Newly identified sporulation proteins (based on transcription profiling),
4390,SW 4.2.1.5,BSU_36200,ywqI,Lifestyles,Sporulation,Sporulation proteins,Newly identified sporulation proteins (based on transcription profiling),
4391,SW 4.2.1.5,BSU_03190,ycgL,Lifestyles,Sporulation,Sporulation proteins,Newly identified sporulation proteins (based on transcription profiling),
4392,SW 4.2.1.5,BSU_13509,ykzP,Lifestyles,Sporulation,Sporulation proteins,Newly identified sporulation proteins (based on transcription profiling),
4393,SW 4.2.1.5,BSU_11510,yjbE,Lifestyles,Sporulation,Sporulation proteins,Newly identified sporulation proteins (based on transcription profiling),
4394,SW 4.2.1.5,BSU_40430,yycE,Lifestyles,Sporulation,Sporulation proteins,Newly identified sporulation proteins (based on transcription profiling),
4395,SW 4.2.1.5,BSU_36190,ywqJ,Lifestyles,Sporulation,Sporulation proteins,Newly identified sporulation proteins (based on transcription profiling),
4396,SW 4.2.1.5,BSU_07140,yetF,Lifestyles,Sporulation,Sporulation proteins,Newly identified sporulation proteins (based on transcription profiling),
4397,SW 4.2.1.5,BSU_27420,yrrI,Lifestyles,Sporulation,Sporulation proteins,Newly identified sporulation proteins (based on transcription profiling),
4398,SW 4.2.1.5,BSU_27570,yrzK,Lifestyles,Sporulation,Sporulation proteins,Newly identified sporulation proteins (based on transcription profiling),
4399,SW 4.2.1.5,BSU_29910,ytzH,Lifestyles,Sporulation,Sporulation proteins,Newly identified sporulation proteins (based on transcription profiling),
4400,SW 4.2.1.5,BSU_25600,comER,Lifestyles,Sporulation,Sporulation proteins,Newly identified sporulation proteins (based on transcription profiling),
4401,SW 4.2.1.5,BSU_22169,ypzG,Lifestyles,Sporulation,Sporulation proteins,Newly identified sporulation proteins (based on transcription profiling),
4402,SW 4.2.1.5,BSU_00650,yabS,Lifestyles,Sporulation,Sporulation proteins,Newly identified sporulation proteins (based on transcription profiling),
4403,SW 4.2.1.5,BSU_40280,yycO,Lifestyles,Sporulation,Sporulation proteins,Newly identified sporulation proteins (based on transcription profiling),
4404,SW 4.2.1.5,BSU_30640,ytkC,Lifestyles,Sporulation,Sporulation proteins,Newly identified sporulation proteins (based on transcription profiling),
4405,SW 4.2.1.5,BSU_31140,yubC,Lifestyles,Sporulation,Sporulation proteins,Newly identified sporulation proteins (based on transcription profiling),
4406,SW 4.2.1.5,BSU_14460,ykpC,Lifestyles,Sporulation,Sporulation proteins,Newly identified sporulation proteins (based on transcription profiling),
4407,SW 4.2.1.5,BSU_23940,yqjB,Lifestyles,Sporulation,Sporulation proteins,Newly identified sporulation proteins (based on transcription profiling),
4408,SW 4.2.1.5,BSU_22280,yppD,Lifestyles,Sporulation,Sporulation proteins,Newly identified sporulation proteins (based on transcription profiling),
4409,SW 4.2.1.5,BSU_33550,yvaC,Lifestyles,Sporulation,Sporulation proteins,Newly identified sporulation proteins (based on transcription profiling),
4410,SW 4.2.1.5,BSU_17830,yndM,Lifestyles,Sporulation,Sporulation proteins,Newly identified sporulation proteins (based on transcription profiling),
4411,SW 4.2.1.5,BSU_32859,yuzM,Lifestyles,Sporulation,Sporulation proteins,Newly identified sporulation proteins (based on transcription profiling),
4412,SW 4.2.1.5,BSU_30720,ythB,Lifestyles,Sporulation,Sporulation proteins,Newly identified sporulation proteins (based on transcription profiling),
4413,SW 4.2.1.5,BSU_19510,yojB,Lifestyles,Sporulation,Sporulation proteins,Newly identified sporulation proteins (based on transcription profiling),
4414,SW 4.2.1.5,BSU_09360,yhdC,Lifestyles,Sporulation,Sporulation proteins,Newly identified sporulation proteins (based on transcription profiling),
4415,SW 4.2.1.5,BSU_18620,yoaI,Lifestyles,Sporulation,Sporulation proteins,Newly identified sporulation proteins (based on transcription profiling),
4416,SW 4.2.1.5,BSU_19749,yoyG,Lifestyles,Sporulation,Sporulation proteins,Newly identified sporulation proteins (based on transcription profiling),
4417,SW 4.2.1.5,BSU_22050,bpsA,Lifestyles,Sporulation,Sporulation proteins,Newly identified sporulation proteins (based on transcription profiling),
4418,SW 4.2.1.5,BSU_21670,ypqP,Lifestyles,Sporulation,Sporulation proteins,Newly identified sporulation proteins (based on transcription profiling),
4419,SW 4.2.1.5,BSU_19810,yodU,Lifestyles,Sporulation,Sporulation proteins,Newly identified sporulation proteins (based on transcription profiling),
4420,SW 4.2.1.5,BSU_13440,ykoY,Lifestyles,Sporulation,Sporulation proteins,Newly identified sporulation proteins (based on transcription profiling),
4421,SW 4.2.1.5,BSU_31820,yuzF,Lifestyles,Sporulation,Sporulation proteins,Newly identified sporulation proteins (based on transcription profiling),
4422,SW 4.2.1.5,BSU_13050,ykzH,Lifestyles,Sporulation,Sporulation proteins,Newly identified sporulation proteins (based on transcription profiling),
4423,SW 4.2.1.5,BSU_22040,bpsB,Lifestyles,Sporulation,Sporulation proteins,Newly identified sporulation proteins (based on transcription profiling),
4424,SW 4.2.1.5,BSU_36180,ywqK,Lifestyles,Sporulation,Sporulation proteins,Newly identified sporulation proteins (based on transcription profiling),
4425,SW 4.2.1.5,BSU_32280,yutG,Lifestyles,Sporulation,Sporulation proteins,Newly identified sporulation proteins (based on transcription profiling),
4426,SW 4.2.1.5,BSU_25010,yqgE,Lifestyles,Sporulation,Sporulation proteins,Newly identified sporulation proteins (based on transcription profiling),
4427,SW 4.2.1.5,BSU_10600,yhjQ,Lifestyles,Sporulation,Sporulation proteins,Newly identified sporulation proteins (based on transcription profiling),
4428,SW 4.2.1.5,BSU_18700,yoaQ,Lifestyles,Sporulation,Sporulation proteins,Newly identified sporulation proteins (based on transcription profiling),
4429,SW 4.2.1.5,BSU_09740,yheF,Lifestyles,Sporulation,Sporulation proteins,Newly identified sporulation proteins (based on transcription profiling),
4430,SW 4.2.1.5,BSU_36170,ywqL,Lifestyles,Sporulation,Sporulation proteins,Newly identified sporulation proteins (based on transcription profiling),
4431,SW 4.2.1.5,BSU_05520,ydzH,Lifestyles,Sporulation,Sporulation proteins,Newly identified sporulation proteins (based on transcription profiling),
4432,SW 4.2.1.5,BSU_31590,yufS,Lifestyles,Sporulation,Sporulation proteins,Newly identified sporulation proteins (based on transcription profiling),
4433,SW 4.2.1.5,BSU_31300,yugS,Lifestyles,Sporulation,Sporulation proteins,Newly identified sporulation proteins (based on transcription profiling),
4434,SW 4.2.1.5,BSU_22869,ypzI,Lifestyles,Sporulation,Sporulation proteins,Newly identified sporulation proteins (based on transcription profiling),
4435,SW 4.2.1.5,BSU_01650,ybbC,Lifestyles,Sporulation,Sporulation proteins,Newly identified sporulation proteins (based on transcription profiling),
4436,SW 4.2.1.5,BSU_24880,yqgO,Lifestyles,Sporulation,Sporulation proteins,Newly identified sporulation proteins (based on transcription profiling),
4437,SW 4.2.1.5,BSU_24510,yqhO,Lifestyles,Sporulation,Sporulation proteins,Newly identified sporulation proteins (based on transcription profiling),
4438,SW 4.2.1.5,BSU_14830,ylaM,Lifestyles,Sporulation,Sporulation proteins,Newly identified sporulation proteins (based on transcription profiling),
4439,SW 4.2.1.5,BSU_07660,yflJ,Lifestyles,Sporulation,Sporulation proteins,Newly identified sporulation proteins (based on transcription profiling),
4440,SW 4.2.1.5,BSU_40290,yycN,Lifestyles,Sporulation,Sporulation proteins,Newly identified sporulation proteins (based on transcription profiling),
4441,SW 4.2.1.5,BSU_03120,ycgI,Lifestyles,Sporulation,Sporulation proteins,Newly identified sporulation proteins (based on transcription profiling),
4442,SW 4.2.1.5,BSU_27810,yrbD,Lifestyles,Sporulation,Sporulation proteins,Newly identified sporulation proteins (based on transcription profiling),
4443,SW 4.2.1.5,BSU_36570,ywnG,Lifestyles,Sporulation,Sporulation proteins,Newly identified sporulation proteins (based on transcription profiling),
4444,SW 4.2.1.5,BSU_30860,ytcA,Lifestyles,Sporulation,Sporulation proteins,Newly identified sporulation proteins (based on transcription profiling),
4445,SW 4.2.1.5,BSU_13380,ykoS,Lifestyles,Sporulation,Sporulation proteins,Newly identified sporulation proteins (based on transcription profiling),
4446,SW 4.2.1.5,BSU_07130,lplD,Lifestyles,Sporulation,Sporulation proteins,Newly identified sporulation proteins (based on transcription profiling),
4447,SW 4.2.1.5,BSU_14810,ylaK,Lifestyles,Sporulation,Sporulation proteins,Newly identified sporulation proteins (based on transcription profiling),
4448,SW 4.2.1.5,BSU_40460,yyzB,Lifestyles,Sporulation,Sporulation proteins,Newly identified sporulation proteins (based on transcription profiling),
4449,SW 4.2.1.5,BSU_19259,yoyB,Lifestyles,Sporulation,Sporulation proteins,Newly identified sporulation proteins (based on transcription profiling),
4450,SW 4.2.1.5,BSU_38380,ywbB,Lifestyles,Sporulation,Sporulation proteins,Newly identified sporulation proteins (based on transcription profiling),
4451,SW 4.2.1.5,BSU_18140,ynfE,Lifestyles,Sporulation,Sporulation proteins,Newly identified sporulation proteins (based on transcription profiling),
4452,SW 4.2.1.5,BSU_12400,yjnA,Lifestyles,Sporulation,Sporulation proteins,Newly identified sporulation proteins (based on transcription profiling),
4453,SW 4.2.2,BSU_00320,yaaT,Lifestyles,Sporulation,phosphorelay,,
4454,SW 4.2.2,BSU_27920,obg,Lifestyles,Sporulation,phosphorelay,,
4455,SW 4.2.2,BSU_10810,yisP,Lifestyles,Sporulation,phosphorelay,,
4456,SW 4.2.2,BSU_11460,oppD,Lifestyles,Sporulation,phosphorelay,,
4457,SW 4.2.2,BSU_35250,ftsX,Lifestyles,Sporulation,phosphorelay,,
4458,SW 4.2.2,BSU_04100,kipR,Lifestyles,Sporulation,phosphorelay,,
4459,SW 4.2.2,BSU_05060,lrpB,Lifestyles,Sporulation,phosphorelay,,
4460,SW 4.2.2,BSU_31470,kapD,Lifestyles,Sporulation,phosphorelay,,
4461,SW 4.2.2,BSU_11450,oppC,Lifestyles,Sporulation,phosphorelay,,
4462,SW 4.2.2,BSU_11440,oppB,Lifestyles,Sporulation,phosphorelay,,
4463,SW 4.2.2,BSU_33660,rghR,Lifestyles,Sporulation,phosphorelay,,
4464,SW 4.2.2,BSU_11540,pepF,Lifestyles,Sporulation,phosphorelay,,
4465,SW 4.2.2,BSU_11430,oppA,Lifestyles,Sporulation,phosphorelay,,
4466,SW 4.2.2,BSU_24220,spo0A,Lifestyles,Sporulation,phosphorelay,,
4467,SW 4.2.2,BSU_11470,oppF,Lifestyles,Sporulation,phosphorelay,,
4468,SW 4.2.2,BSU_06839,phrH,Lifestyles,Sporulation,phosphorelay,,
4469,SW 4.2.2,BSU_35260,ftsE,Lifestyles,Sporulation,phosphorelay,,
4470,SW 4.2.2,BSU_05050,lrpA,Lifestyles,Sporulation,phosphorelay,,
4471,SW 4.2.2.1,BSU_13990,kinA,Lifestyles,Sporulation,phosphorelay,The kinases,
4472,SW 4.2.2.1,BSU_31450,kinB,Lifestyles,Sporulation,phosphorelay,The kinases,
4473,SW 4.2.2.1,BSU_13530,kinE,Lifestyles,Sporulation,phosphorelay,The kinases,
4474,SW 4.2.2.1,BSU_13660,kinD,Lifestyles,Sporulation,phosphorelay,The kinases,
4475,SW 4.2.2.1,BSU_14490,kinC,Lifestyles,Sporulation,phosphorelay,The kinases,
4476,SW 4.2.2.2,BSU_31080,bslA,Lifestyles,Sporulation,phosphorelay,Proteins controlling the activity of the kinases,
4477,SW 4.2.2.2,BSU_37800,sivA,Lifestyles,Sporulation,phosphorelay,Proteins controlling the activity of the kinases,
4478,SW 4.2.2.2,BSU_25690,sda,Lifestyles,Sporulation,phosphorelay,Proteins controlling the activity of the kinases,
4479,SW 4.2.2.2,BSU_15960,sivC,Lifestyles,Sporulation,phosphorelay,Proteins controlling the activity of the kinases,
4480,SW 4.2.2.2,BSU_01560,kbaA,Lifestyles,Sporulation,phosphorelay,Proteins controlling the activity of the kinases,
4481,SW 4.2.2.2,BSU_31460,kapB,Lifestyles,Sporulation,phosphorelay,Proteins controlling the activity of the kinases,
4482,SW 4.2.2.2,BSU_04080,pxpB,Lifestyles,Sporulation,phosphorelay,Proteins controlling the activity of the kinases,
4483,SW 4.2.2.2,BSU_04090,pxpC,Lifestyles,Sporulation,phosphorelay,Proteins controlling the activity of the kinases,
4484,SW 4.2.2.3,BSU_27930,spo0B,Lifestyles,Sporulation,phosphorelay,The phosphotransferases,
4485,SW 4.2.2.3,BSU_37130,spo0F,Lifestyles,Sporulation,phosphorelay,The phosphotransferases,
4486,SW 4.2.2.4,BSU_24220,spo0A,Lifestyles,Sporulation,phosphorelay,The ultimate target,
4487,SW 4.2.2.5,BSU_25830,rapE,Lifestyles,Sporulation,phosphorelay,Phosphatases controlling the phosphorelay,
4488,SW 4.2.2.5,BSU_17920,ynzD,Lifestyles,Sporulation,phosphorelay,Phosphatases controlling the phosphorelay,
4489,SW 4.2.2.5,BSU_13640,spo0E,Lifestyles,Sporulation,phosphorelay,Phosphatases controlling the phosphorelay,
4490,SW 4.2.2.5,BSU_10730,yisI,Lifestyles,Sporulation,phosphorelay,Phosphatases controlling the phosphorelay,
4491,SW 4.2.2.5,BSU_36690,rapB,Lifestyles,Sporulation,phosphorelay,Phosphatases controlling the phosphorelay,
4492,SW 4.2.2.5,BSU_12430,rapA,Lifestyles,Sporulation,phosphorelay,Phosphatases controlling the phosphorelay,
4493,SW 4.2.2.5,BSU_06830,rapH,Lifestyles,Sporulation,phosphorelay,Phosphatases controlling the phosphorelay,
4494,SW 4.2.2.6,BSU_14990,ylbF,Lifestyles,Sporulation,phosphorelay,Other protein controlling the activity of the phosphorelay,
4495,SW 4.2.2.6,BSU_25840,phrE,Lifestyles,Sporulation,phosphorelay,Other protein controlling the activity of the phosphorelay,
4496,SW 4.2.2.6,BSU_00320,yaaT,Lifestyles,Sporulation,phosphorelay,Other protein controlling the activity of the phosphorelay,
4497,SW 4.2.2.6,BSU_17020,ymcA,Lifestyles,Sporulation,phosphorelay,Other protein controlling the activity of the phosphorelay,
4498,SW 4.2.2.6,BSU_12440,phrA,Lifestyles,Sporulation,phosphorelay,Other protein controlling the activity of the phosphorelay,
4499,SW 4.2.2.6,BSU_06839,phrH,Lifestyles,Sporulation,phosphorelay,Other protein controlling the activity of the phosphorelay,
4500,SW 4.2.3,BSU_41040,yidC1,Lifestyles,Sporulation,Sporulation/ other,,
4501,SW 4.2.3,BSU_29070,ytaF,Lifestyles,Sporulation,Sporulation/ other,,
4502,SW 4.2.3,BSU_36130,ywrA,Lifestyles,Sporulation,Sporulation/ other,,
4503,SW 4.2.3,BSU_36770,spoIIT,Lifestyles,Sporulation,Sporulation/ other,,
4504,SW 4.2.3,BSU_16800,spoIIIE,Lifestyles,Sporulation,Sporulation/ other,,
4505,SW 4.2.3,BSU_40970,parA,Lifestyles,Sporulation,Sporulation/ other,,
4506,SW 4.2.3,BSU_40960,parB,Lifestyles,Sporulation,Sporulation/ other,,
4507,SW 4.2.3,BSU_12820,spoIISB,Lifestyles,Sporulation,Sporulation/ other,,
4508,SW 4.2.3,BSU_08760,spo0M,Lifestyles,Sporulation,Sporulation/ other,,
4509,SW 4.2.3,BSU_15310,spoIIGA,Lifestyles,Sporulation,Sporulation/ other,,
4510,SW 4.2.3,BSU_28060,spoIIB,Lifestyles,Sporulation,Sporulation/ other,,
4511,SW 4.2.3,BSU_31010,floT,Lifestyles,Sporulation,Sporulation/ other,,
4512,SW 4.2.3,BSU_16980,spoVS,Lifestyles,Sporulation,Sporulation/ other,,
4513,SW 4.2.3,BSU_38130,ywcE,Lifestyles,Sporulation,Sporulation/ other,,
4514,SW 4.2.3,BSU_30460,ytrA,Lifestyles,Sporulation,Sporulation/ other,,
4515,SW 4.2.3,BSU_00880,disA,Lifestyles,Sporulation,Sporulation/ other,,
4516,SW 4.2.3,BSU_41030,jag,Lifestyles,Sporulation,Sporulation/ other,,
4517,SW 4.2.3,BSU_24660,spoIIIL,Lifestyles,Sporulation,Sporulation/ other,,
4518,SW 4.2.3,BSU_00490,spoVG,Lifestyles,Sporulation,Sporulation/ other,,
4519,SW 4.2.3,BSU_16910,rodZ,Lifestyles,Sporulation,Sporulation/ other,,
4520,SW 4.2.4.1,BSU_35810,gerBB,Lifestyles,Sporulation,Germination,Germinant receptors,
4521,SW 4.2.4.1,BSU_03720,gerKB,Lifestyles,Sporulation,Germination,Germinant receptors,
4522,SW 4.2.4.1,BSU_35800,gerBA,Lifestyles,Sporulation,Germination,Germinant receptors,
4523,SW 4.2.4.1,BSU_35820,gerBC,Lifestyles,Sporulation,Germination,Germinant receptors,
4524,SW 4.2.4.1,BSU_33060,gerAB,Lifestyles,Sporulation,Germination,Germinant receptors,
4525,SW 4.2.4.1,BSU_03710,gerKC,Lifestyles,Sporulation,Germination,Germinant receptors,
4526,SW 4.2.4.1,BSU_03690,gerKD,Lifestyles,Sporulation,Germination,Germinant receptors,
4527,SW 4.2.4.1,BSU_03700,gerKA,Lifestyles,Sporulation,Germination,Germinant receptors,
4528,SW 4.2.4.1,BSU_33050,gerAA,Lifestyles,Sporulation,Germination,Germinant receptors,
4529,SW 4.2.4.1,BSU_33070,gerAC,Lifestyles,Sporulation,Germination,Germinant receptors,
4530,SW 4.2.4.2,BSU_09150,yhcN,Lifestyles,Sporulation,Germination,Additional germination proteins,
4531,SW 4.2.4.2,BSU_23401,spoVAEA,Lifestyles,Sporulation,Germination,Additional germination proteins,
4532,SW 4.2.4.2,BSU_10710,gerPB,Lifestyles,Sporulation,Germination,Additional germination proteins,
4533,SW 4.2.4.2,BSU_10690,gerPD,Lifestyles,Sporulation,Germination,Additional germination proteins,
4534,SW 4.2.4.2,BSU_23402,spoVAEB,Lifestyles,Sporulation,Germination,Additional germination proteins,
4535,SW 4.2.4.2,BSU_14800,ylaJ,Lifestyles,Sporulation,Germination,Additional germination proteins,
4536,SW 4.2.4.2,BSU_10670,gerPF,Lifestyles,Sporulation,Germination,Additional germination proteins,
4537,SW 4.2.4.2,BSU_16790,tepA,Lifestyles,Sporulation,Germination,Additional germination proteins,
4538,SW 4.2.4.2,BSU_37920,gerQ,Lifestyles,Sporulation,Germination,Additional germination proteins,
4539,SW 4.2.4.2,BSU_19490,gerT,Lifestyles,Sporulation,Germination,Additional germination proteins,
4540,SW 4.2.4.2,BSU_10700,gerPC,Lifestyles,Sporulation,Germination,Additional germination proteins,
4541,SW 4.2.4.2,BSU_16799,ylzJ,Lifestyles,Sporulation,Germination,Additional germination proteins,
4542,SW 4.2.4.2,BSU_01550,gerD,Lifestyles,Sporulation,Germination,Additional germination proteins,
4543,SW 4.2.4.2,BSU_03930,gdh,Lifestyles,Sporulation,Germination,Additional germination proteins,
4544,SW 4.2.4.2,BSU_02070,csgA,Lifestyles,Sporulation,Germination,Additional germination proteins,
4545,SW 4.2.4.2,BSU_13830,ykvU,Lifestyles,Sporulation,Germination,Additional germination proteins,
4546,SW 4.2.4.2,BSU_28410,gerE,Lifestyles,Sporulation,Germination,Additional germination proteins,
4547,SW 4.2.4.2,BSU_16700,swsB,Lifestyles,Sporulation,Germination,Additional germination proteins,
4548,SW 4.2.4.2,BSU_29500,gerW,Lifestyles,Sporulation,Germination,Additional germination proteins,
4549,SW 4.2.4.2,BSU_34990,lgt,Lifestyles,Sporulation,Germination,Additional germination proteins,
4550,SW 4.2.4.2,BSU_28380,gerM,Lifestyles,Sporulation,Germination,Additional germination proteins,
4551,SW 4.2.4.2,BSU_10720,gerPA,Lifestyles,Sporulation,Germination,Additional germination proteins,
4552,SW 4.2.4.2,BSU_38130,ywcE,Lifestyles,Sporulation,Germination,Additional germination proteins,
4553,SW 4.2.4.2,BSU_15770,prkC,Lifestyles,Sporulation,Germination,Additional germination proteins,
4554,SW 4.2.4.2,BSU_04110,lipC,Lifestyles,Sporulation,Germination,Additional germination proteins,
4555,SW 4.2.4.2,BSU_25540,gpr,Lifestyles,Sporulation,Germination,Additional germination proteins,
4556,SW 4.2.4.2,BSU_02600,cwlJ,Lifestyles,Sporulation,Germination,Additional germination proteins,
4557,SW 4.2.4.2,BSU_23410,spoVAD,Lifestyles,Sporulation,Germination,Additional germination proteins,
4558,SW 4.2.4.2,BSU_10680,gerPE,Lifestyles,Sporulation,Germination,Additional germination proteins,
4559,SW 4.2.4.2,BSU_22920,ypeB,Lifestyles,Sporulation,Germination,Additional germination proteins,
4560,SW 4.2.4.2,BSU_22930,sleB,Lifestyles,Sporulation,Germination,Additional germination proteins,
4561,SW 4.2.5,BSU_07780,yfkR,Lifestyles,Sporulation,Germination/ based on similarity,,
4562,SW 4.2.5,BSU_07760,yfkT,Lifestyles,Sporulation,Germination/ based on similarity,,
4563,SW 4.2.5,BSU_17760,yndE,Lifestyles,Sporulation,Germination/ based on similarity,,
4564,SW 4.2.5,BSU_07770,yfkS,Lifestyles,Sporulation,Germination/ based on similarity,,
4565,SW 4.2.5,BSU_07790,yfkQ,Lifestyles,Sporulation,Germination/ based on similarity,,
4566,SW 4.2.5,BSU_17750,yndD,Lifestyles,Sporulation,Germination/ based on similarity,,
4567,SW 4.2.5,BSU_17770,yndF,Lifestyles,Sporulation,Germination/ based on similarity,,
4568,SW 4.2.5,BSU_17740,ynzB,Lifestyles,Sporulation,Germination/ based on similarity,,
